name,openinghour,price_level,image,rating,description,lat,lon,phone,address,website,place_id,category
State of Grace,Monday: 12:00 – 10:00 PM | Tuesday: 12:00 – 10:00 PM | Wednesday: 12:00 – 10:00 PM | Thursday: 12:00 – 11:00 PM | Friday: 12:00 PM – 1:00 AM | Saturday: 12:00 PM – 1:00 AM | Sunday: 12:00 – 9:00 PM,PRICE_LEVEL_EXPENSIVE,https://places.googleapis.com/v1/places%2FChIJmfW-qk1d1moRewnuCAqvfY4%2Fphotos%2FAciIO2dH_QD6viPztbLwCzjWf1gcPieh3GQVA28gM7kpmixgzZAU9DPpVUkTWoPoHCQQn1QtdkFJXkt--E3pEAQG-qJpumLn6tXc9kRAIvS5Nr2EoGKnhVVJPuW8qUukcrb-nv2CzTdYrtWSC9mTeP6ebcS6pWFyk6hmDp0e1xnLk1j7bqoz-uQBlnGiFuF35E2h-42pymni_qUrdDU_fWkRSjJkZ-N_sKMTq7KPemRAQmtJV1sjvgdvomhstWKgKRB_6Q-Me9_wuNEWLlBgAqz_Q7dq8nM5OOQH2m7JTPl3JDRogQ/media?maxWidthPx=800&key=AIzaSyBXWY6JwLGO0kMVKRf4-ypgEJILQ-L5Q-I,4.6,"Restaurant and cellar bar with kitsch decor including a mounted giraffe, for Modern European food.",-37.819752,144.956983,(03) 8563 0020,"27 King St, Melbourne VIC 3000, Australia",https://stateofgracemelbourne.com.au/?utm_source=google&utm_medium=organic&utm_campaign=gmb&utm_term=plcid_5147260064699379174,ChIJmfW-qk1d1moRewnuCAqvfY4,Bar
Dikstein's Corner Bar,Monday: 11:00 AM – 10:00 PM | Tuesday: 11:00 AM – 10:00 PM | Wednesday: 11:00 AM – 10:00 PM | Thursday: 11:00 AM – 10:00 PM | Friday: 11:00 AM – 10:00 PM | Saturday: Closed | Sunday: Closed,PRICE_LEVEL_MODERATE,https://places.googleapis.com/v1/places%2FChIJX06VWEtd1moRV3ggG_chGE4%2Fphotos%2FAciIO2dO6FSQJj0402K27Q4PQzZGAHSKi7vLkvwpWmNFwX-AsUaZRDAbrvxmKTdsMcQQ1nrHLEhHoIcY_HI1rpLnhO9WKcwNf2JoTQNv-gJCCF-PwmEY1hDUmY2o9xv7dkx82iyvpSl75EmjNf8Mkj5w6TomwQDjeME--tbRklY-RL-vDx2TdPUnpRHLMrv36nXeB6vyTezFJApsvKtu97tfAtWM_NaHsPpNuyZFtVyIbV0eAMVxLmbP7qunBhYLGWU2u8wonvf1iofKF9bfl8ZfEXCEmVKJhJxypVtMGYdPjd8IOaIAlsoznyTYSzZ8Orq5iy0h3WTKODuBrsK1TnMHNdv5viEW8wNW8yCRAl3-UNzHMrpUkuCUv2ChpOg81tU9uE4rLnJH0s4DjiJiQAKuZ3PN2p6ZtFor3uysysefhlDfUWM/media?maxWidthPx=800&key=AIzaSyBXWY6JwLGO0kMVKRf4-ypgEJILQ-L5Q-I,4.4,"Neighbourhood bar with a no-frills interior and homey vibe, serving gourmet pizza, mains and snacks.",-37.816313,144.96033699999998,(03) 9642 0943,"433 Little Collins St, Melbourne VIC 3000, Australia",,ChIJX06VWEtd1moRV3ggG_chGE4,Bar
Fifty-five Bar,Monday: 5:00 PM – 1:00 AM | Tuesday: 5:00 PM – 1:00 AM | Wednesday: 5:00 PM – 2:00 AM | Thursday: 4:00 PM – 2:00 AM | Friday: 4:00 PM – 3:00 AM | Saturday: 5:00 PM – 3:00 AM | Sunday: 5:00 PM – 1:00 AM,PRICE_LEVEL_MODERATE,https://places.googleapis.com/v1/places%2FChIJ5-h_ZLRC1moRoh1SGUvug5U%2Fphotos%2FAciIO2eMXcQDhEAsqn7mLFlfcoZSst_DFWfKE76jQK6t1QJ2A6LMMDznk0c05EiFwxG1o--RzWsjYMxVABEIdrXvw5EhnsgririCBwU8isT9MZcqox3DUQzROPDpBZICJrlgHQ1X2LZ11vwsIVt_0-oJAntQV1EekEyK5pfkAfkYMVHMwlXiIcYDoc_jqT2K0lJI1JQXstdRS1P8eDQWT9GUI2NfAyDF9Vv0DLMRNTHI5uaM6xDKqFFB1ReYi8dppKdRw5k0a7zVrK_urtmK2Fb1j_D2TnaGcSyfpTtIuMWPt3GPHQ/media?maxWidthPx=800&key=AIzaSyBXWY6JwLGO0kMVKRf4-ypgEJILQ-L5Q-I,4.5,"Unpretentious, underground hangout with comfy couches & wall art, plus DJs & pizza.",-37.8169975,144.9641451,(03) 9620 3899,"55 Elizabeth St, Melbourne VIC 3000, Australia",http://www.fifty-five.com.au/,ChIJ5-h_ZLRC1moRoh1SGUvug5U,Bar
Lustre Bar,Monday: 3:00 – 11:00 PM | Tuesday: 3:00 – 11:00 PM | Wednesday: 3:00 PM – 12:00 AM | Thursday: 3:00 PM – 1:00 AM | Friday: 3:00 PM – 3:00 AM | Saturday: 3:00 PM – 3:00 AM | Sunday: 3:00 PM – 12:00 AM,PRICE_LEVEL_MODERATE,https://places.googleapis.com/v1/places%2FChIJsXjwN7RC1moRUWXT3pA3z3A%2Fphotos%2FAciIO2e5W4dQYUB1MrHbD2v60fDCQ3j2kjMd8rUtrcFwX57XM0P-Xhd2dAjgP8vQ9QBST6E77VnnntEqVaDqQi4l3hH8G35YH9CgNFWwusxAQn9ms65Gq9AIJaNyCTCa4plXrO2CwIW1VClJtU6vyWJFqKHPvddo9PV05Wa8k8spHl7CF1deFWdGx1gNMbcmJ-dYUU5jiToKtB3yL_gzfJ2Zk_jl_cdOo6ltizxf1Pk-7XiytPy7S1dzLY-WM7QfNvhCOdDCbN68SuN-X9pgyvv0JSp5J1GxcfjNiKLNPzJx2xf7Hg/media?maxWidthPx=800&key=AIzaSyBXWY6JwLGO0kMVKRf4-ypgEJILQ-L5Q-I,4.4,"Intimate bar with crimson walls & a chilled vibe, for creative cocktails, desserts & live music.",-37.8167886,144.9656704,0424 549 884,"Level 1/252 Flinders Ln, Melbourne VIC 3000, Australia",http://www.lustrebar.com.au/,ChIJsXjwN7RC1moRUWXT3pA3z3A,Bar
Lui Bar,Monday: Closed | Tuesday: Closed | Wednesday: 5:30 PM – 12:00 AM | Thursday: 5:30 PM – 12:00 AM | Friday: 3:00 PM – 1:00 AM | Saturday: 3:00 PM – 1:00 AM | Sunday: 3:00 PM – 12:00 AM,PRICE_LEVEL_VERY_EXPENSIVE,https://places.googleapis.com/v1/places%2FChIJFS1cvE1d1moRJQ57XEFdZ3s%2Fphotos%2FAciIO2eiAleNy5h_wfMs7irUV3b1zhy_ZKXsGJ8koOYzbUI4e5z15c8PZflWsyD8eoH03ndvuUsMnl9i0uE3yFqoTgOrgCUH-TJcHOSlbKENSQ0XK-7P_wGm_V5hrBpRAAC8je9-uUyPkotI-ZctjyxZnQnDxBj1_N-2FfjM3712Dlua3P0cvEg9DThIpfPmHVaZ9bxNsxKsmRXXZlkH4hhLwWztuZIVkmN_Ua_IK5_JX1cX5uLYwtpqeHBUz0kdFe26cHgAecvosBGsQY8dbp0629xWKAb17IXDcZvlv6S-7b3lCg/media?maxWidthPx=800&key=AIzaSyBXWY6JwLGO0kMVKRf4-ypgEJILQ-L5Q-I,4.4,"Posh cocktail lounge on the 55th floor of the Rialto building, with sleek decor and fancy snacks.",-37.8188597,144.9576792,(03) 9691 3888,"Entry via, Rialto Piazza, Level 55/525 Collins St, Melbourne VIC 3000, Australia",https://www.luibar.com/,ChIJFS1cvE1d1moRJQ57XEFdZ3s,Bar
Arbory Bar & Eatery,Monday: 11:00 AM – 10:00 PM | Tuesday: 11:00 AM – 10:00 PM | Wednesday: 11:00 AM – 10:00 PM | Thursday: 11:00 AM – 11:00 PM | Friday: 11:00 AM – 11:00 PM | Saturday: 11:00 AM – 11:00 PM | Sunday: 11:00 AM – 10:00 PM,PRICE_LEVEL_MODERATE,https://places.googleapis.com/v1/places%2FChIJIdRz5rNC1moRcECSdfZQp_o%2Fphotos%2FAciIO2d8BPRh3M51_BnlhmNjTwckXK-9h-alpHk20JiKLGMFQUfXVtjk3oTNpaG5T_wn67NHP_etT3ETTELoHzE7flVcgq51rTjbx6dSFQ9U1iU_ImjCgz4BQxG-wAsb03CXJH9Dd6CryRvLkwU-x8TNLiT-SOIV31HZgByGHBpgBMGbImdjfdmuK12g4q9QINzfFJUVGgQIsrM3Ispc474jJ5KeZiYzo4xCM2UelNSxMqrVum84Sp3y85q0NyquJvnL259g0IQyotOe88658TVdteKCecVzNtRlhQSJoF2hWkBvzw/media?maxWidthPx=800&key=AIzaSyBXWY6JwLGO0kMVKRf4-ypgEJILQ-L5Q-I,4.2,"Spacious, rustic-chic riverside venue, offering gourmet brekkie, plus light fare and share plates.",-37.81909170000001,144.9657667,(03) 9614 0023,"1 Flinders Walk, Melbourne VIC 3000, Australia",http://arbory.com.au/,ChIJIdRz5rNC1moRcECSdfZQp_o,Bar
Natural History Bar & Grill,Monday: 12:00 – 10:00 PM | Tuesday: 12:00 – 10:00 PM | Wednesday: 12:00 – 10:00 PM | Thursday: 12:00 – 10:00 PM | Friday: 12:00 – 10:00 PM | Saturday: 4:00 – 10:00 PM | Sunday: Closed,PRICE_LEVEL_MODERATE,https://places.googleapis.com/v1/places%2FChIJ8f-5TLNC1moRgdpTBeb0aTo%2Fphotos%2FAciIO2chqpd5B8o4PGXNP-irwyDZ63AQQQDviVzFJUYNIaPWdxddhLUyF0794e-OgB88mxp6GyW5fYrCM-pu9gJVDKBww5OG0LBIRfrPDItIesqMFH1Xpbk9HsEYwiY65ds9nX_6bM7l3iEMdPV3vxCHNcWu0fpElnXMffwFTib3DSWIGSYrLQvuZAobVddhQHNlndiWRybCbwGDcfq9BB-H6B48qZwkcU74qxKiblsFV951efN2HxlYBNUj8g-hEtwniDq-PxVvh-Lr3u8pe98gdkLl55eEJjOfJbgGr4XsQejHyg/media?maxWidthPx=800&key=AIzaSyBXWY6JwLGO0kMVKRf4-ypgEJILQ-L5Q-I,4.3,"Easygoing gastropub popular for comfort food & seasonal fare for lunch & dinner, plus after-work drinks.",-37.8172488,144.9610946,(03) 9982 1811,"401 Collins St, Melbourne VIC 3000, Australia",https://www.naturalhistorybar.com.au/,ChIJ8f-5TLNC1moRgdpTBeb0aTo,Pub
Riverland Bar,Monday: 12:00 – 9:00 PM | Tuesday: 12:00 – 9:00 PM | Wednesday: 12:00 – 9:00 PM | Thursday: 12:00 – 10:00 PM | Friday: 11:00 AM – 11:00 PM | Saturday: 11:00 AM – 11:00 PM | Sunday: 11:00 AM – 9:00 PM,PRICE_LEVEL_MODERATE,https://places.googleapis.com/v1/places%2FChIJT8T86bZC1moRiDuX5-Uuiv4%2Fphotos%2FAciIO2eFYMN8d7gjfUuwHtCnRPUZZv8HQoOfVNZtLNsD-mXeDgYfV9pCpKk5UWlM5Pgt11zad_1X54FJdb7pp_LOTpPEkH4k7cWp4x43z96WS5YWOW2GTr5M8X3Pw-WEC9lyIn8ZnszkR4VUadGV-c6XsRDEd4jg7TYCUW1KEhssHQlkNzNPm1Zjl9fwjhtvtJq-LjkMdGeFZvRPPpDbAZNVqOk9N5TnDS9yl3of7QXaAdjB96gbLP0I9GXAx_pw91zQjM6Pc7C0wC6-QtcBvP3pqHkTddKwIJ5Ow46kMDQaduCjOA/media?maxWidthPx=800&key=AIzaSyBXWY6JwLGO0kMVKRf4-ypgEJILQ-L5Q-I,4.4,"Easygoing place with riverside seats, urban beer garden, plus hearty dishes from brunch to dinner.",-37.818705300000005,144.96876229999998,(03) 9662 1771,"Federation Wharf Vaults 1-9, Melbourne VIC 3000, Australia",https://www.riverlandbar.com/?utm_source=google&utm_medium=organic&utm_campaign=google_my_business,ChIJT8T86bZC1moRiDuX5-Uuiv4,Bar
The Meatball & Wine Bar - Flinders Lane,Monday: 11:00 AM – 10:30 PM | Tuesday: 11:00 AM – 10:30 PM | Wednesday: 11:00 AM – 10:30 PM | Thursday: 11:00 AM – 10:30 PM | Friday: 11:00 AM – 11:30 PM | Saturday: 11:00 AM – 11:30 PM | Sunday: 11:00 AM – 10:00 PM,PRICE_LEVEL_MODERATE,https://places.googleapis.com/v1/places%2FChIJy453xbdC1moRRFDpPBRtbXs%2Fphotos%2FAciIO2fPYcLjrpfJ89QhF6rVMp--NlFWImJ6cUbSewLXuespmSQebVe1JPDCdvR4DRLyVS3fhpNqgjl2Om5JJ13I0nchS8O2XFgTOGh6Qn1s5yOqBXP_LmdwxUFHss246QOzgBNw8omO-NwfmmqmRmvJdjIY2T0sAOLOa2VZ65xCGDYqyBCik5MyCa4x5zygGpZQ1_zGOfEU6gTuef8afCwK4wm_cIHCwTD9mVpKQPIQr0NRCiSwVaqq8oKx1GQx39lEAW1v1fOR8AhsgwqEnsP3QmlrmO6RTNTZ5dZoK-TbjydbaQ/media?maxWidthPx=800&key=AIzaSyBXWY6JwLGO0kMVKRf4-ypgEJILQ-L5Q-I,4.4,"Jumping industrial-chic bar serving meat, fish or vegetarian balls, light bites and Italian wines.",-37.8156417,144.9700889,(03) 9654 7545,"135 Flinders Ln, Melbourne VIC 3000, Australia",http://www.meatballandwinebar.com.au/,ChIJy453xbdC1moRRFDpPBRtbXs,Bar
Eau De Vie Melbourne,Monday: Closed | Tuesday: 5:00 PM – 1:00 AM | Wednesday: 5:00 PM – 1:00 AM | Thursday: 5:00 PM – 1:00 AM | Friday: 4:00 PM – 1:00 AM | Saturday: 4:00 PM – 1:00 AM | Sunday: Closed,PRICE_LEVEL_EXPENSIVE,https://places.googleapis.com/v1/places%2FChIJq_Q3_bdC1moRTK6LBjNhFL4%2Fphotos%2FAciIO2ehdTxVUgJeACSwhSqltCkN7E7rkB-cNeJUvMjcCwiuHlL_nJ5dIlvVSiWeLXL4qdZ-o6m-Frxmje42UVDQIUG-3TxPWAid9CCQ9Jr5Usd_hncmN7t1tXIqWEpNHG9tUo3MYZe5rI188gHzgFjg5vgGy5bq6H6H6R4K7HBfgl8FUZGbAVvndF_CjHBTQ60V8ysJ2f1P8ImUTaN1bWVz2Xhl-P-aXRNlraKu5gDnG8tRIpmWiZAA5SRYwgg0sQ7H-ireVeMCFB6Hk5XMGXk4KlVsRLOpHjNb4Qz1CVU2noYOLw/media?maxWidthPx=800&key=AIzaSyBXWY6JwLGO0kMVKRf4-ypgEJILQ-L5Q-I,4.7,"Classy bar with whiskey, cocktails and tasting menus, plus a hidden lounge behind a bookcase.",-37.81580030000001,144.9715874,(03) 8393 9367,"1 Malthouse Ln, Melbourne VIC 3000, Australia",http://www.eaudevie.com.au/melbourne,ChIJq_Q3_bdC1moRTK6LBjNhFL4,Bar
GoGo Bar,Monday: 5:00 PM – 12:00 AM | Tuesday: 5:00 PM – 12:00 AM | Wednesday: 5:00 PM – 12:00 AM | Thursday: 5:00 PM – 12:00 AM | Friday: 12:00 PM – 12:00 AM | Saturday: 12:00 PM – 12:00 AM | Sunday: 12:00 PM – 12:00 AM,PRICE_LEVEL_EXPENSIVE,https://places.googleapis.com/v1/places%2FChIJCcOJ27dC1moROAfagkfQfEI%2Fphotos%2FAciIO2c_1qTsutEvWDGVUtViS0o3T7QZ1cC7sUB78KkYoBPUAcCCmaWjexZuaAglzyzbBPlxSUAvZGuwCOk_edJnnorUdlZtIU62wRS1wttndfahz0-ZuRNvz1MYMGWoUh9pzHsO4A5_N7hdruB9K-2URSfrJ8DVHc3hAgHHOTNvxdNbzrBqpn0y7diSzmUKzCyaA5A3J5-ic9EMJAJ5eCgag91kLqvDJXi2k2-EJNa8aNCfanZfU7DBGcdj44BMLsCBzpJkOGTezixya_QhrdRR4YH6MWxRMv-B_KCdHh5OSrusag/media?maxWidthPx=800&key=AIzaSyBXWY6JwLGO0kMVKRf4-ypgEJILQ-L5Q-I,4.3,Late-night Southeast Asian restaurant serving sharing plates in a hip space with a downstairs bar.,-37.8156846,144.9703367,(03) 8663 2000,"125 Flinders Ln, Melbourne VIC 3000, Australia",https://www.gogobar.com.au/,ChIJCcOJ27dC1moROAfagkfQfEI,Bar
The Duke of Wellington,Monday: 11:00 AM – 12:00 AM | Tuesday: 11:00 AM – 12:00 AM | Wednesday: 11:00 AM – 12:00 AM | Thursday: 11:00 AM – 12:00 AM | Friday: 11:00 AM – 12:00 AM | Saturday: 11:00 AM – 12:00 AM | Sunday: 11:00 AM – 12:00 AM,PRICE_LEVEL_MODERATE,https://places.googleapis.com/v1/places%2FChIJ9YePsLdC1moRhmhASJxsSqk%2Fphotos%2FAciIO2feluheKYA2Bw7vVV8O7mqU8Gg8yEcbBveoEf69-ac3ACownIVd6-vDVDQjNI02CFITBnKrF2MzpGK01IBXFgAoyNnZWF7hjSGThlomxJKfjaegtiNsJ5mDGSKjun2dhPLdtNTNCEhNNxqMO9pwpKmmxIx7C7jckppZbFTH-G2fNPVwroCfopg06c6OBAQB5cQykye0ejk1Dlvxbg1yt79QtH96DBeTdF7L7AChqj_bDUp_1UHFLeqbKfE0pB_RD_r4sG1Of80Sx1EeysZpp7H86XI1V_nrMhBWI__NViQ5jQ/media?maxWidthPx=800&key=AIzaSyBXWY6JwLGO0kMVKRf4-ypgEJILQ-L5Q-I,4.2,"Modern, 2-storey pub with polished timber floors, a stylish lounge bar and relaxed terrace seating.",-37.8164836,144.9700907,(03) 9810 0066,"2/146 Flinders St, Melbourne VIC 3000, Australia",https://www.dukeofwellington.com.au/?utm_source=google&utm_medium=organic&utm_campaign=gmb&utm_term=plcid_15210894070217204608,ChIJ9YePsLdC1moRhmhASJxsSqk,Pub
Kirk's Wine Bar,Monday: 12:00 – 10:00 PM | Tuesday: 12:00 – 10:00 PM | Wednesday: 12:00 – 10:00 PM | Thursday: 12:00 – 10:00 PM | Friday: 12:00 – 11:00 PM | Saturday: 12:00 – 11:00 PM | Sunday: Closed,PRICE_LEVEL_MODERATE,https://places.googleapis.com/v1/places%2FChIJ12Q0M7VC1moRdjoh--8GceA%2Fphotos%2FAciIO2cAOCSRN4wj_6skGGCoi_zMRzYY0crkVQTTFYxW94XcvFkRQKg5GAyeWuDFSuAkKdP5x2fLKIa1TTdFdu_01caHsvr4l_qBHKiGZX2l9iOPAmv5oT0guXGUUQU3yZ5_BPcImZi1rRqxyvB1k95L_tkClzjIW3ZtAj-wmC_ytiVTkKpp4vtjKplZO5udfJUwasCrhqZvlyxwp7_a-Dm_Li6yAAL_N2AFCr6MQGdr5d07eiR1aMFb4SHBiVXO2jWTYImrY8xnAXanmTRQC1M-uSOnvg3RN5moKgq1DkNA1BSO_J7xEGR84Hzqo9BqdbowTJSXL0WuPFduiHzCQQy6Pi9mSjpl7PbQbftjtugJOx85Eh0cte-INR6YQbfudVexN8osNxpDM7l4JT0Ni0MO32m6ZeBgQVjw2b876oJ64kdHopXOU_7JeDPk8Ar9Ig/media?maxWidthPx=800&key=AIzaSyBXWY6JwLGO0kMVKRf4-ypgEJILQ-L5Q-I,4.4,Specialty wines & creative bar bites in a chic space with floor-to-ceiling windows & a patio.,-37.813575,144.9613126,(03) 9600 4550,"46 Hardware Ln, Melbourne VIC 3000, Australia",http://www.kirkswinebar.com/,ChIJ12Q0M7VC1moRdjoh--8GceA,Bar
Bourke Street Green,Monday: 3:00 – 9:00 PM | Tuesday: 3:00 – 9:00 PM | Wednesday: 3:00 – 9:00 PM | Thursday: 12:00 – 9:00 PM | Friday: 12:00 – 9:00 PM | Saturday: Closed | Sunday: Closed,PRICE_LEVEL_MODERATE,https://places.googleapis.com/v1/places%2FChIJF4037Ddd1moRILSoBSdpceQ%2Fphotos%2FAciIO2fCUEJ_jmT1bkEPSIATXt_ZNddhTkf7e_AEpT_FkaVm3-ZOaBp0Is73sEi2b7LdmXQci7Vsp7uFi_1JcJ6CU1V8p7WqKFd619YMFOJOEKm4PUDq3xeQZVOyCqcS8cuNaoEDSLrGCRgdNhpzPW-_AOeFzZucUUs7w93KoMuL_kqQsNijBNTtRawivdQ0DzulQFjQBftDkSK5UJqH7a0n-4YEEtogyVWe0q2g5belvwmV9PYxQxXVlbiZb4XZ775q4nQ_cObimZ02SwG9I9ijNemv3mUcrK2CPde3xCPwrkfkFQ/media?maxWidthPx=800&key=AIzaSyBXWY6JwLGO0kMVKRf4-ypgEJILQ-L5Q-I,4.4,"Chic venue with a retractable roof serving burgers & pizzas, plus cocktails & craft beers.",-37.8154838,144.9594302,0438 572 349,"501 Bourke St, Melbourne VIC 3000, Australia",https://www.bourkestreetgreen.com.au/,ChIJF4037Ddd1moRILSoBSdpceQ,Bar
La La Land CBD,Monday: 4:00 PM – 1:00 AM | Tuesday: 4:00 PM – 1:00 AM | Wednesday: 4:00 PM – 1:00 AM | Thursday: 4:00 PM – 1:00 AM | Friday: 4:00 PM – 3:00 AM | Saturday: 4:00 PM – 3:00 AM | Sunday: 4:00 PM – 1:00 AM,PRICE_LEVEL_MODERATE,https://places.googleapis.com/v1/places%2FChIJP-X58sxC1moRb5rQ6w_T3-I%2Fphotos%2FAciIO2dIToUizvg_MI57D3TyLr0GlI7kvt0Ltgm8uBakJ1fJYkSVQ5f4mVrFWiPYDtDPB5WcH58w4V4h7qrb_jKqlfl3_mD7MUTqLS3MRLmLCsvGpWlrvhUuDtEHOJU84pNfQ3TalB1Lcx77tiK7H0jxQmkd6eMXLuIVw39EDhp9nS4pdpeVISbcLnZl4XA_aDbWr8hlZuFNRPXK0eZIyoXXXruM-GMKr4W1aLQnEsOalmHHlWs1QFh1o8RQlARhVQMwp-kVpm9HHaDMRhP55VTZuO_V3jpX9lMWp8be3ECzprzXFw/media?maxWidthPx=800&key=AIzaSyBXWY6JwLGO0kMVKRf4-ypgEJILQ-L5Q-I,4.4,Classic & unique cocktails fixed up in a cool bar with brick-lined walls & leather sofas.,-37.8119239,144.9603814,(03) 9913 3626,"level 1/125 Hardware St, Melbourne VIC 3000, Australia",https://www.lalaland.com.au/melbourne/?utm_source=jcc_organic&utm_medium=gb&utm_campaign=website_link,ChIJP-X58sxC1moRb5rQ6w_T3-I,Bar
Union Electric Bar & Rooftop,Monday: 5:00 PM – 1:00 AM | Tuesday: 5:00 PM – 1:00 AM | Wednesday: 5:00 PM – 1:00 AM | Thursday: 5:00 PM – 1:00 AM | Friday: 12:00 PM – 1:00 AM | Saturday: 12:00 PM – 1:00 AM | Sunday: 12:00 PM – 1:00 AM,PRICE_LEVEL_MODERATE,https://places.googleapis.com/v1/places%2FChIJ7_FCh8lC1moRPc7-4Iwg5WE%2Fphotos%2FAciIO2dmgw3lg1UJA_D89YXg3PPeRlSqt7MMNY8AO8czPD8F4i4q-DTSaIU_kiIOstYoErT_hK2K6UBE4cTZ5FjpKkBqfxr0K7QKhpnGKq5OQQplye7ZsPHMFai4LV1p1UbScFaUfttMdG2_OxRlyOjVpuQRCSEOYTcAAPlEgNeLY6bzgpZ6nWG-CHLHR0asyEx2XSoCzyp9b2XJ_OaQzqSwXzRXsPQejfnFi4P4gXb7DE9K13AZlzlOWEKTIjrHQXDjC_7G54fKlRvAJwRz6Y2VYqYJ26TNdoIJoF0iGsqm5feT_A/media?maxWidthPx=800&key=AIzaSyBXWY6JwLGO0kMVKRf4-ypgEJILQ-L5Q-I,4.6,Stylish bar with exposed brick walls and a rooftop garden serving a wide variety of cocktails.,-37.8117896,144.96670509999998,,"13 Heffernan Ln, Melbourne VIC 3000, Australia",http://www.unionelectric.com.au/,ChIJ7_FCh8lC1moRPc7-4Iwg5WE,Bar
Berlin Bar,Monday: 5:00 PM – 12:00 AM | Tuesday: 5:00 PM – 12:00 AM | Wednesday: 5:00 PM – 12:00 AM | Thursday: 5:00 PM – 12:00 AM | Friday: 5:00 PM – 1:00 AM | Saturday: 5:00 PM – 1:00 AM | Sunday: 5:00 PM – 12:00 AM,PRICE_LEVEL_MODERATE,https://places.googleapis.com/v1/places%2FChIJWR2SE8lC1moR-0WE2DjW0lQ%2Fphotos%2FAciIO2cHYX-RdDxhTZGPOwuSmhmGBPsw6ujKApeHI5IriQYe2HdD8TOmWGsk_xAoVBJuVphwopAxAnLdZL_4bkwGdr8CXIgh6lksaxHU-Mlt1QNMlQLHBAiaBu7WOd8HQV0UVeRkYlcN80SfxH_Zy4d0CW-45KAwF5T-0pXx25ZMRhT0wR36YHTzhAoQbgYVo_CrQiZbws8UGtOL0K5nWQvNMx_g6ASP7n9Ut0rPojda1tp_K_VznY50pXrlvURmx-_HkzIp5j9nZSlH5iHPgCoyMPjjskksvYsTKcyE4BoJ2B3xZw/media?maxWidthPx=800&key=AIzaSyBXWY6JwLGO0kMVKRf4-ypgEJILQ-L5Q-I,4.5,"Split-space East/West-themed bar with plush banquettes, bunker-style decor and bathtub tables.",-37.8111309,144.9684355,,"Level 2/16 Corrs Ln, Melbourne VIC 3000, Australia",https://www.berlinbar.com.au/,ChIJWR2SE8lC1moR-0WE2DjW0lQ,Bar
Rooftop Bar,Monday: 12:00 PM – 1:00 AM | Tuesday: 12:00 PM – 1:00 AM | Wednesday: 12:00 PM – 1:00 AM | Thursday: 12:00 PM – 1:00 AM | Friday: 12:00 PM – 1:00 AM | Saturday: 12:00 PM – 1:00 AM | Sunday: 12:00 PM – 1:00 AM,PRICE_LEVEL_MODERATE,https://places.googleapis.com/v1/places%2FChIJL5DOQcpC1moR8EyVKt-VeAg%2Fphotos%2FAciIO2dfL0cgwwdcMWlgYNeLsGCi5OROgFVEOM2PPeCSDvXgz1PdlMjvLkWdPGe0gqemrHXTarPyMZaSTNvKnIPURmihQK4MAURe_bI5BY-ZYb2envpBJFE1AlySDITrDTuSCwsGU9Q4D_1biKZPmu99VSCXUMUdiPvk9xQPw7HjSi8Uq-800dSlv03y5PB3I6z-9mCOUzXgWM1m_7O-w6K_KVonLhTrQLnHig4RADUURzVk-b-3QOWKhFBhZYcgcxU7m3OxGbH4YitZ07fUdn0m45y2CCXQ1hqWEljs9a9OZjhCjA/media?maxWidthPx=800&key=AIzaSyBXWY6JwLGO0kMVKRf4-ypgEJILQ-L5Q-I,4.4,Burgers & drinks served at an laid-back open-air venue featuring city views.,-37.8120139,144.9652611,(03) 9654 5394,"Curtin House, level 7/252 Swanston St, Melbourne VIC 3000, Australia",http://rooftopbar.co/,ChIJL5DOQcpC1moR8EyVKt-VeAg,Bar
Bar Ampere,Monday: 3:00 PM – 3:00 AM | Tuesday: 3:00 PM – 3:00 AM | Wednesday: 3:00 PM – 3:00 AM | Thursday: 3:00 PM – 3:00 AM | Friday: 3:00 PM – 3:00 AM | Saturday: 3:00 PM – 3:00 AM | Sunday: 5:00 PM – 3:00 AM,PRICE_LEVEL_MODERATE,https://places.googleapis.com/v1/places%2FChIJ5cMk-8lC1moRo_Vrk8TQwpY%2Fphotos%2FAciIO2fA1mqbBCtMYBR6anLHmI19AiiOGQ8fFM7NDPPISXpnZWn7q1CXKkkzuyoqKX0pPrT-K9rNtYtpKtHGTOp3Odz4vepCCVG6JJ9vA1a7ckn4sX_XxVG8T0-WR44tRynnA01Q4NESB65MYU8FiolNVE3QvVyPd-s_HYkEL16-pKAZtMpsHEeO6wPidC4vlSyuiYy2pVohtpYi7TX8a1cyOeLjdIxKSaRqr6G546cvjP09txGgRymPnUPin624-QwRhi94V2fHeyTSsB6RySzpuvWuDy7CQEemfujPyaXLQgOeRA/media?maxWidthPx=800&key=AIzaSyBXWY6JwLGO0kMVKRf4-ypgEJILQ-L5Q-I,4.5,"Stylish art-drizzled bar with a long absinthe menu, plus modern Australian snacks and mains.",-37.8136637,144.9674292,,"16 Russell Pl, Melbourne VIC 3000, Australia",http://www.barampere.com/,ChIJ5cMk-8lC1moRo_Vrk8TQwpY,Bar
Goldilocks Rooftop Bar,Monday: 12:00 PM – 1:00 AM | Tuesday: 12:00 PM – 1:00 AM | Wednesday: 12:00 PM – 1:00 AM | Thursday: 12:00 PM – 1:00 AM | Friday: 12:00 PM – 3:00 AM | Saturday: 12:00 PM – 3:00 AM | Sunday: 12:00 PM – 1:00 AM,PRICE_LEVEL_MODERATE,https://places.googleapis.com/v1/places%2FChIJFxQqR8pC1moRtrCWdmUuFTU%2Fphotos%2FAciIO2dhdXH-Rl6q8I7qUJIr6MNkLkJrkOK-h6Gj8vWlTFyJiQq-_QhUZEwk-UziD8p_yNwQ7HCbhAMEiDjwpg2stvfOcXMC84Q2LGAbBjj9dYq_BLS69wvo34S4q0u0GkMOpy0RAgiU182H3n4AhVX-bE4s3xcHtB0LO412pvlGQmfKQfNKGfajMEkLpogDoV3vMFckNh977txN2BKX8t4dQzRpR8SiblHJmF4-v8r3LfV3FdRfHOYFZ4YVH-292ABKcwR8T7Q_RO6-SePId6N0d9ShqJ547H4r-nHLr9ReKjR4uQ/media?maxWidthPx=800&key=AIzaSyBXWY6JwLGO0kMVKRf4-ypgEJILQ-L5Q-I,4.4,"Craft beer, wine & snacks in an intimate rooftop bar featuring a rotating menu of cool cocktails.",-37.811823,144.9651312,0481 498 665,"Denyers, Building Level 5/264 Swanston St, Melbourne VIC 3000, Australia",http://www.goldilocksbar.com.au/,ChIJFxQqR8pC1moRtrCWdmUuFTU,Bar
Whitehart Bar,Monday: 12:00 – 11:00 PM | Tuesday: 12:00 – 11:00 PM | Wednesday: 12:00 – 11:00 PM | Thursday: 12:00 PM – 12:00 AM | Friday: 12:00 PM – 1:00 AM | Saturday: 12:00 PM – 1:00 AM | Sunday: 12:00 – 11:00 PM,PRICE_LEVEL_MODERATE,https://places.googleapis.com/v1/places%2FChIJDfZCRbVC1moR9iR2iOya1Ig%2Fphotos%2FAciIO2d6QHnMP0GRR7UXyD5tajOJZsMpj6ikk88IOuQTULiXcT21VwKj71xVmgC_3wa0XfR_v5uN9g8cr60jaZOzkaDaqPppTJvgIC5qbYmp0OWeQocvlAMdWN5aMAHu8p9Mt4-DkvjAVHGcbZ9w4vxJXLtlzKukUYjnYumexykEFKexEzHAejyyxveNPAO61WCBp9bwGZGsaI1c8v9wZUEDu6Jg5zkvaLwfU9sJ-Hr6LGGu9ZySfoC-LZ0IZigBAgBQujP9dYLvMiyf0ESw2Nr-K2y23tgWc3rtd6j3OLl9yUKVk6uJ6WhiDEJqdXe2quk9Y8f2R7kY1GRVDz4_PG5vJcrLkpb7cOLhfU2HNy1AgdtcBAUzOxMysIjPKkhoFXH6_OUv19rNUOAG0truFDeTihkBPZQxYmrKWQUZZyWvKKdCMiY/media?maxWidthPx=800&key=AIzaSyBXWY6JwLGO0kMVKRf4-ypgEJILQ-L5Q-I,4.3,"Busy spot set in a 2-level shipping container offering craft beers & cocktails, plus music.",-37.8128928,144.9618629,(03) 9602 2260,"22 Whitehart Ln, Melbourne VIC 3000, Australia",http://www.whitehartbar.com.au/,ChIJDfZCRbVC1moR9iR2iOya1Ig,Bar
The LuWOW,Monday: 4:00 – 11:00 PM | Tuesday: 4:00 – 11:00 PM | Wednesday: 4:00 – 11:00 PM | Thursday: 4:00 PM – 12:00 AM | Friday: 4:00 PM – 12:00 AM | Saturday: 4:00 PM – 12:00 AM | Sunday: Closed,PRICE_LEVEL_MODERATE,https://places.googleapis.com/v1/places%2FChIJsywmWidD1moRug0735B84qg%2Fphotos%2FAciIO2dvq02fNGeRPyZLRWWYUXYOAS4uNy-dths8lsgTtuiPv8ASMoGopzgNbcvVUoHx_gG_0nOBeInEXE2rrO6CXTJYFsNmwbHA-sGuHHCvCDpgN_NZa9ryvXfCBvv7JjXKCJd7IHbpLOj2h1pCNbNOgcWSri0oKXPHDiZ09T8lydCfQGad6hFnUjqbOpMqvurfetazPFxrrZFZ-t-vWPFWxJRL2HxisDGQA9msgXfi_PdtiJ7ksQRxFp1IeClNoYhG4HiPmv-o1LJo4AuayjiiadHRankK_H4nxgF2bfm0mpczag/media?maxWidthPx=800&key=AIzaSyBXWY6JwLGO0kMVKRf4-ypgEJILQ-L5Q-I,4.5,"Pan-Asian food and cocktails in a quirky, tiki-themed bar featuring kitsch decor and pot plants.",-37.81402430000001,144.9672661,(03) 7038 0937,"212 Little Collins St, Melbourne VIC 3000, Australia",http://www.theluwow.com/,ChIJsywmWidD1moRug0735B84qg,Bar
Gin Palace,Monday: 4:00 PM – 3:00 AM | Tuesday: 4:00 PM – 3:00 AM | Wednesday: 4:00 PM – 3:00 AM | Thursday: 4:00 PM – 3:00 AM | Friday: 4:00 PM – 3:00 AM | Saturday: 4:00 PM – 3:00 AM | Sunday: 4:00 PM – 3:00 AM,PRICE_LEVEL_EXPENSIVE,https://places.googleapis.com/v1/places%2FChIJM5KH4slC1moRTmhA0BNZDoo%2Fphotos%2FAciIO2fxF2V9wsJnBa4Hcu1xWVBl4ODYQijne1e4TzTDh8XIjeEWaKmPxp0O_tkkHUaxj1iHfZs91tXg0QjQi5YnnAwNjZILpZpDuGGF3BzM0OHWp-gwxHpQ_tE46zeHcvaT2cxyfUV-zuA67-hzjCYhy-12mRfq9rC_iIOi7uS5TRjjfabhTJgYfFqrdSpmOzPlehnC8gSttfPhdutmCClDd_EaOvtHdYN5XnzX7BYFBu6t9stoyFi_DAA0hyW8lvVL_Pg6v9aVBpTNER59nFU6Z1WrYRUiULVJzvt68Dky2IRiAQ/media?maxWidthPx=800&key=AIzaSyBXWY6JwLGO0kMVKRf4-ypgEJILQ-L5Q-I,4.5,Late-night martinis & classic cocktails in a quirky basement lounge with eclectic old-world decor.,-37.8138343,144.9675091,,"10 Russell Pl, Melbourne VIC 3000, Australia",https://www.ginpalace.com.au/,ChIJM5KH4slC1moRTmhA0BNZDoo,Bar
Heartbreaker,Monday: 5:00 PM – 1:00 AM | Tuesday: 5:00 PM – 1:00 AM | Wednesday: 5:00 PM – 3:00 AM | Thursday: 3:00 PM – 3:00 AM | Friday: 3:00 PM – 3:00 AM | Saturday: 3:00 PM – 3:00 AM | Sunday: 5:00 PM – 1:00 AM,PRICE_LEVEL_MODERATE,https://places.googleapis.com/v1/places%2FChIJf_-ib8lC1moR8y0DMHWLgFA%2Fphotos%2FAciIO2eK9dX-o-U4Ri_u6snshpUVSUy7vDzN3SiD74QpXS5MmgFYnVOoWE1TXUIyehS1NeXZk8NgzhuDychz920CYqMmfGjtVfoJLp-l_E4M-VIeHd6gzAHQ_F9KekyX8y5dFY7QwkZK1-fAQcrI0_6rdQytOuBuMT9fm0oIIIB9bEQr7GeSctTzXbH19MN8dWYHh2bFBHx1xZ6dZZOGVVnQ_GDocgoQUbq9ZcML9ftfYNK3Ci1poVAL-20SA6T-lwQaZbljdrkUaQqu7U5me1Z6WmX293IxAt1kmJW-d5Avr8KUHA/media?maxWidthPx=800&key=AIzaSyBXWY6JwLGO0kMVKRf4-ypgEJILQ-L5Q-I,4.4,Extensive range of international beers & whiskeys in a lively bar with a rock 'n' roll atmosphere.,-37.8109284,144.96750459999998,,"234A Russell St, Melbourne VIC 3000, Australia",https://heartbreakerbar.com.au/,ChIJf_-ib8lC1moR8y0DMHWLgFA,Bar
Section 8,Monday: 12:00 – 11:00 PM | Tuesday: 12:00 – 11:00 PM | Wednesday: 12:00 – 11:00 PM | Thursday: 12:00 PM – 1:00 AM | Friday: 12:00 PM – 1:00 AM | Saturday: 12:00 PM – 1:00 AM | Sunday: 12:00 – 11:00 PM,PRICE_LEVEL_MODERATE,https://places.googleapis.com/v1/places%2FChIJdW-KOMpC1moR0vrWPmqUHu8%2Fphotos%2FAciIO2fyXX5EieEpjcId3lZR15tMLkDiCeTw-yQT4H14VK03WkfUunMx22H4LL4fw67ZeAExGJrXgHL3k7bBcLh-u0Ro0Pej89awX11vGSyPh1i5ziqnFJeMwAhRCoP0pMYXaSuY5OM2wzGGqKsynNH8bYGDRgWkxqRU_ux6VCEub8oYSWR9QefE824u2rogyJrbEITB9MMLXqIRpGdtWeE5MOCX4vgl-jm1f_4gl4bzk0GuCIE4Fh4lP-hp87MwTM4LhPqNsiGdWNTTY7lV0YAdHPO-0ZZHnr7CjSMhrMg5myJg-w/media?maxWidthPx=800&key=AIzaSyBXWY6JwLGO0kMVKRf4-ypgEJILQ-L5Q-I,4.4,"Buzzy open-air bar with drinks served from a shipping container, DJs and graffiti-covered walls.",-37.8118177,144.9654326,0430 291 588,"27-29 Tattersalls Ln, Melbourne VIC 3000, Australia",http://www.section8.com.au/,ChIJdW-KOMpC1moR0vrWPmqUHu8,Bar
Beneath Driver Lane,Monday: Closed | Tuesday: 5:00 PM – 1:00 AM | Wednesday: 5:00 PM – 1:00 AM | Thursday: 5:00 PM – 1:00 AM | Friday: 4:00 PM – 2:30 AM | Saturday: 4:00 PM – 2:30 AM | Sunday: 6:00 PM – 12:00 AM,PRICE_LEVEL_MODERATE,https://places.googleapis.com/v1/places%2FChIJwaJkZLVC1moRdQPhwSG1v_I%2Fphotos%2FAciIO2cqHB4bDxITEF95CfCItQ1CRzdsPtt05abb01KZK3npiqNrElDgw1QfE3hA2fbL-Y7XUkv4kgF6vVZG2D5kMUZOZ1E90LcQWxgAPN5VvXSuv8Zassu59tPQdWZA4qLKlh5UuIcGb-TYdNpLfIzSRe9VkBNQWJsyt3xZNcierCAcXCvMEnmjKNmkAsoUVZ8vWgxl6_n1ZGtCabnkpSTpWzmHjdiarXaCEpedTv4fYB7fyDwAa-G6UX5H4VMGagNqx2nIT97USk9wk8_gN_UpNRfwpHZgxtbRrQSS-dF_ZhlIFQ/media?maxWidthPx=800&key=AIzaSyBXWY6JwLGO0kMVKRf4-ypgEJILQ-L5Q-I,4.6,"Cocktails, spirits & French bites in an old-timey underground hangout with live music on weekends.",-37.8129978,144.963023,,"Shop/3 Little Bourke St, Melbourne VIC 3000, Australia",http://driverlanebar.com/,ChIJwaJkZLVC1moRdQPhwSG1v_I,Bar
Whisky and Alement,Monday: 4:00 – 10:00 PM | Tuesday: 4:00 PM – 1:00 AM | Wednesday: 4:00 PM – 1:00 AM | Thursday: 4:00 PM – 1:00 AM | Friday: 4:00 PM – 1:00 AM | Saturday: 4:00 PM – 1:00 AM | Sunday: 4:00 – 10:00 PM,PRICE_LEVEL_MODERATE,https://places.googleapis.com/v1/places%2FChIJLapIWclC1moRpLu4ANJL8Hk%2Fphotos%2FAciIO2fT2rcWG9d7cv_3gOgefDppiecP6dHXBReHbrnQdDth7qjg49ZK99z3MPNg1xXix5ETXNS70cmeF0CrWCeXW9KhVtz3EU5EZWCtreqAwrIl1RcHhAVAEnq-QhMQ9II-ssfh1pn-wC3QRqlkl5-yctLkYt6NwtCS5BURcSBbFNpzq5_UCX5VboDtaHulubQ-bhRHufXu1hZW-PlcpWrXLf4X7yH--GJi9b807PLiOr-bT3nTYb8qwTUJe3_n_wvDI4YidjUXJpQeWCFVx5huw3mg5wWn_4YsEtFU6uKawIfLdA/media?maxWidthPx=800&key=AIzaSyBXWY6JwLGO0kMVKRf4-ypgEJILQ-L5Q-I,4.8,"1000+ rotating whiskies in an intimate bar with classes, plus a bottle shop for rare single malts.",-37.810111,144.96715899999998,(03) 9654 1284,"270 Russell St, Melbourne VIC 3000, Australia",http://www.whiskyandale.com.au/,ChIJLapIWclC1moRpLu4ANJL8Hk,Bar
The Toff,Monday: 6:00 PM – 3:00 AM | Tuesday: 5:00 PM – 5:00 AM | Wednesday: 5:00 PM – 5:00 AM | Thursday: 5:00 PM – 5:00 AM | Friday: 5:00 PM – 5:00 AM | Saturday: 5:00 PM – 5:00 AM | Sunday: Closed,PRICE_LEVEL_MODERATE,https://places.googleapis.com/v1/places%2FChIJA9SLQMpC1moR9EUWjSUyGNI%2Fphotos%2FAciIO2f4ye1IE7_3-lOlGlXqYOeEHfbovekN1bLKD4px4n8-gynk8Doh0Um16Nyl_bMeBKye378OLeia2lO9i2WhwbpFNRYuwm2GINnl9knZpRAbDUtoFryoKWXHO9oxoB6llrXr9cFc4y-_Xti86oIKETx9A2MbbRbXIjCfPTHhXFJ6Uv_z1I5U547GVHFzVILa-hSsPXt-ngggYvFHUT6LLd6UZQOlT-Ga78CX4JID_r30MS8XEpCTctqvE3p2LzJDFSzGpi9QA-HWOHeZdTXJMx6eHSbcgOWETepGap3THmUZew/media?maxWidthPx=800&key=AIzaSyBXWY6JwLGO0kMVKRf4-ypgEJILQ-L5Q-I,4.3,"Unique bar & club with art deco train carriage booths offering live music, theatre & late-night DJs.",-37.8120474,144.9651441,(03) 9639 8770,"2f/252 Swanston St, Melbourne VIC 3000, Australia",https://thetoff.com.au/,ChIJA9SLQMpC1moR9EUWjSUyGNI,Bar
Charlie's Bar,Monday: 11:00 AM – 10:00 PM | Tuesday: 11:00 AM – 10:00 PM | Wednesday: 11:00 AM – 10:00 PM | Thursday: 11:00 AM – 10:00 PM | Friday: 11:00 AM – 3:00 AM | Saturday: 11:00 AM – 3:00 AM | Sunday: Closed,PRICE_LEVEL_MODERATE,https://places.googleapis.com/v1/places%2FChIJeaP3ykpd1moRpkoxVGMkqk4%2Fphotos%2FAciIO2crF78Xpc4YRyENrYGptCO2sBUS_96sWBDfnQD4hRTMunY5hnZVV0dDaFuBv1TnVxKcZVTnQnZ4d0QDzkCs4DmSKhxOu3JdZqynY_yAd1Zk7wf5O6F498RyeXp_y25-XluaT1GEmkhwvLqF2QS16vAkTbLNlu6qesqsz9nV1mQb47EIUGSZYYBWSyV5BXlOslHSugfQ1aJzo-tyi2NosBWcv7qfGslwYFvS8CHpA-ZAK2WfkV8DxSyJ-xgvHXFD0j-Pblfev2dM-TTw_Tqtt65KjCSkMjvf09wn3BTZpFhjyg/media?maxWidthPx=800&key=AIzaSyBXWY6JwLGO0kMVKRf4-ypgEJILQ-L5Q-I,3.8,Creative cocktails mixed in an opulent basement setting with red velvet curtains & leather sofas.,-37.8132417,144.9610026,(03) 9600 1454,"71 Hardware Ln, Melbourne VIC 3000, Australia",https://www.charliesbar.com.au/,ChIJeaP3ykpd1moRpkoxVGMkqk4,Bar
The Alexander Bar,Monday: 4:00 – 11:00 PM | Tuesday: 4:00 – 11:00 PM | Wednesday: 4:00 – 11:00 PM | Thursday: 4:00 – 11:00 PM | Friday: 4:00 – 11:00 PM | Saturday: 4:00 – 11:00 PM | Sunday: 4:00 – 11:00 PM,PRICE_LEVEL_MODERATE,https://places.googleapis.com/v1/places%2FChIJQTbROE5d1moRo369i8aUqW8%2Fphotos%2FAciIO2c4SdzvQaQeGQTifrQMRg9LAs2kszqIEM_2lEG8q4jt-FkbEhWQXtP3BeMtYPu4CChmlZYjFNLTw5kimOjkyVWHGLXO_XtAEcBTlvOqUqOLXEkp6ylxA-YapqUKRauBwaYGxS6u97A5Gz0AbtifdJ_2NxRrlBLmfxtkgnZ4icyXnvg7IYcnqZpzU1yyH8Hxjffc526r-dQ2wJTQzUh6YJ0R5yWUFshUC9884Ou1H0HfXVhppFjaavHsdz8Hd0ho6OtHvqU4YTengiH8Jgait830UQybjkBKVi9unfVB7D_33g/media?maxWidthPx=800&key=AIzaSyBXWY6JwLGO0kMVKRf4-ypgEJILQ-L5Q-I,3.8,"Relaxed hotel restaurant with high ceilings and mirrored walls, serving Modern Australian cuisine.",-37.8178694,144.9539941,(03) 9622 8888,"630 Little Collins St, Melbourne VIC 3000, Australia",https://savoyhotelmelbourne.com/the-alexander-bar/?utm_source=googleplaces&utm_medium=organic&utm_campaign=googleplaces&utm_content=alexander-bar&utm_term=plcid_11299145893770503803,ChIJQTbROE5d1moRo369i8aUqW8,Bar
Double Happiness,Monday: 5:00 PM – 12:00 AM | Tuesday: 5:00 PM – 12:00 AM | Wednesday: 5:00 PM – 1:00 AM | Thursday: 5:00 PM – 3:00 AM | Friday: 5:00 PM – 3:00 AM | Saturday: 5:00 PM – 3:00 AM | Sunday: Closed,PRICE_LEVEL_MODERATE,https://places.googleapis.com/v1/places%2FChIJ7c3rsMhC1moRpf6dMWUwldE%2Fphotos%2FAciIO2eSlvEOxsNMv-smVSKJOQ_euIQ1Y6AaVrb_C5nC19FuYNtfu3_2OpyJEtX2FxcW0HZgee25uGtQ3EmlwIuyKw4ndIdhoSd3M_Z1C_vP6XBTRYvG3JyjTpzvUQb9KHE0dc3Wt0ljwKsCmHZuTVG8eFpv52T32eGrENdK8KdzPCJd-9eDemwrGYKbtaJ_n6n9s8jnSDtHLUQ8vp0gvbBy9yQEEL7IENy4BJdhdmsduRSEPi0wAGivfBdGx9z7WaAISAIAI3tKVx3ovKz3yigPySE5SZaEpJaoXVqGC3uDhU8UTw/media?maxWidthPx=800&key=AIzaSyBXWY6JwLGO0kMVKRf4-ypgEJILQ-L5Q-I,4.6,"Cosy, trendy bar hidden down a lane with kitsch decor inspired by Chinese Communist propaganda.",-37.8111831,144.97127229999998,,"21 Liverpool St, Melbourne VIC 3000, Australia",http://double-happiness.com.au/,ChIJ7c3rsMhC1moRpf6dMWUwldE,Bar
Good Heavens Rooftop Bar,Monday: 12:00 PM – 1:00 AM | Tuesday: 12:00 PM – 1:00 AM | Wednesday: 12:00 PM – 1:00 AM | Thursday: 12:00 PM – 1:00 AM | Friday: 12:00 PM – 1:00 AM | Saturday: 12:00 PM – 1:00 AM | Sunday: 12:00 PM – 1:00 AM,PRICE_LEVEL_MODERATE,https://places.googleapis.com/v1/places%2FChIJ7cO7k8hC1moRgZW5lxx0mDI%2Fphotos%2FAciIO2dnc_xhsOc_hJynidF1eSkxFaC79_E3_QRquLuT0gDEZqjiNOepgac1hivAIkR_6uXRATzimZ3-9doM4sEAEYdT4L0m3vdibYesMaR161ITRqB2Fh0AUW9bZHBG8jr2xH2ilOHWLCAsKNDgKNfD2J33pB6BvyW0A1lDVZyAK6cafJ8-AoRlUl5v2PZLja27wALFwXVQ_r75YCcR8MH2qak2fRyQJX6rqRVM5zsuWpKIaw_8O8QClq_ate_M_MM5UYQFOCXCUv9LIbTyxhoIf-VAqB-_4PtZmlk4bjEHJatgLg/media?maxWidthPx=800&key=AIzaSyBXWY6JwLGO0kMVKRf4-ypgEJILQ-L5Q-I,4.2,Stylish retro rooftop bar mixing a range of 1980s-influenced drinks with broad city views.,-37.8120759,144.9711426,(03) 9453 2882,"level 2/79 Bourke St, Melbourne VIC 3000, Australia",https://www.goodheavens.com.au/,ChIJ7cO7k8hC1moRgZW5lxx0mDI,Bar
Siglo,Monday: 5:00 PM – 3:00 AM | Tuesday: 5:00 PM – 3:00 AM | Wednesday: 5:00 PM – 3:00 AM | Thursday: 5:00 PM – 3:00 AM | Friday: 5:00 PM – 3:00 AM | Saturday: 5:00 PM – 3:00 AM | Sunday: Closed,PRICE_LEVEL_EXPENSIVE,https://places.googleapis.com/v1/places%2FChIJVUlb_MVC1moReBMBN5F84vw%2Fphotos%2FAciIO2cij5WV6ZuniuSlwAk7E5ThZjZM6flvEbIJbKB_vxzH1Z__EEnZGOd40iKYCGmN7EuqWQYkFExYqRMcg8ZVS_YoWPTZHR8d2TXzrV88Q-881RpgyiMVytG65e9oxR4d0LuqpMQ4ajvp1whWlK_TsaNOKKB0ft0db---5yb_wUJWnQkWVrXSONOVrj99d5OImyDj1NJLxgs69KBDBeyR2vmIoLkYeUJJ2ntJ323-RDAP4zbT-NXV_O82Ra5FRyQY8H57VWcF3hI28sOLzQgiCu1FI1Ku3gndv7ohMvrvOz3sww/media?maxWidthPx=800&key=AIzaSyBXWY6JwLGO0kMVKRf4-ypgEJILQ-L5Q-I,4.1,"Classy rooftop terrace bar with Parliament House views, serving cocktails, wine and gourmet snacks.",-37.8109097,144.9725363,(03) 9654 6631,"2/161 Spring St, Melbourne VIC 3000, Australia",http://www.siglobar.com.au/,ChIJVUlb_MVC1moReBMBN5F84vw,Bar
Rooftop at QT,Monday: 3:00 – 11:00 PM | Tuesday: 3:00 – 11:00 PM | Wednesday: 3:00 – 11:00 PM | Thursday: 3:00 – 11:00 PM | Friday: 12:00 PM – 1:00 AM | Saturday: 12:00 PM – 1:00 AM | Sunday: 12:00 – 11:00 PM,PRICE_LEVEL_MODERATE,https://places.googleapis.com/v1/places%2FChIJt7f_wMlC1moR78AaroNklv4%2Fphotos%2FAciIO2fgCTXE2rOuTu1Ygh1IFPvYHqsQw2gSwOmoCBy3845vMzfqtlrCLllHG6aDBMTPOFkS2G_-GV_uT7akT-qkgoEkNkdfZrpH3572BF7_ZHfFMcXIpXUDcBO4TfbiTSdavD4YaL6jTMK__-CgW1zX_tdcYTMVfimCvgGIodxybUisQU8vjwCQiIelYPose4gr2Qv2XzBd_9z4qYmpoimhN_-uVcDkgQFMY-2PVjVrwPypCixS16WhxefF5v_rHVY98BJ4zhgrNzA0smIHwB1so-97fFDMsWzWzVdpHJWEJ-1P4Q/media?maxWidthPx=800&key=AIzaSyBXWY6JwLGO0kMVKRf4-ypgEJILQ-L5Q-I,4.3,Trendy hotel bar offering drinks & light fare in an expansive space with a terrace & city views.,-37.8134277,144.9678242,(03) 8636 8800,"11/133 Russell St, Melbourne VIC 3000, Australia",https://www.qthotels.com/melbourne/eat-drink/rooftop-at-qt/,ChIJt7f_wMlC1moR78AaroNklv4,Bar
Morris House,Monday: 11:30 AM – 11:00 PM | Tuesday: 11:30 AM – 11:00 PM | Wednesday: 11:30 AM – 11:00 PM | Thursday: 11:30 AM – 11:00 PM | Friday: 11:30 AM – 1:00 AM | Saturday: 11:30 AM – 1:00 AM | Sunday: 11:30 AM – 10:00 PM,,https://places.googleapis.com/v1/places%2FChIJDea8Si9D1moRvFKUQfX7iAk%2Fphotos%2FAciIO2cFIPaL1ETWjINt3Emc0h00xVTjjE6jIcoWjbLSDW3_qOwHxNzhe7rfOTMwqT_8JGD-aSOH-M7AH8gKDkOTitrUeFGgDLBQcAHDU5xV5MLdyqxvX8I0HCYi6MJRMO3qe_l6eYl4OG7TBdKkOUmVSgVzlimi5HvSiq_cJ9psaZeqnAnquh7YdQCVz5HcSqlmqg2g_pSKGzD6gcl61BZaDN0xxoD8d3N21tKMkQkRAebK2Bc28F5w52mVsuydy2QIAW5vBDesq0klvNT7Ryel1KmRYi90zn5hGqup50xbtUps3A/media?maxWidthPx=800&key=AIzaSyBXWY6JwLGO0kMVKRf4-ypgEJILQ-L5Q-I,4.1,Boutique beer and hearty pub meals in a casual-chic space featuring a covered dining courtyard.,-37.8128691,144.9711969,(03) 8563 0080,"120 Exhibition St, Melbourne VIC 3000, Australia",https://morrishouse.com.au/?utm_source=google&utm_medium=organic&utm_campaign=gmb&utm_term=plcid_10732363235255235029,ChIJDea8Si9D1moRvFKUQfX7iAk,Pub
Embla,Monday: 3:00 PM – 12:00 AM | Tuesday: 3:00 PM – 12:00 AM | Wednesday: 12:00 PM – 12:00 AM | Thursday: 12:00 PM – 12:00 AM | Friday: 12:00 PM – 12:00 AM | Saturday: 12:00 PM – 12:00 AM | Sunday: 12:00 – 5:00 PM,PRICE_LEVEL_MODERATE,https://places.googleapis.com/v1/places%2FChIJZ9bEx8lC1moR7ahmGWF-7Pk%2Fphotos%2FAciIO2d8dasYpLIw75GEAKbf9bNDD4YX6JZvxcMtB1Exv2WfUh2afMWzvnb_EuklDtY3CwwvLnLmujJgNujss0U8qYXO3Bxh3BUNXaJ3zF8o-HXzSVBYGmUwI0pPRcfVQltlGxmOZdhaYey9sT8hmipiGaQQe62gMm6AvrYezE6wG4aNAbFB2yznUbD8IwAEVjRzh_SqXMKrXeNmMQ8wRBWpVCRICd_Pk3uDzcVmrKYmwyXeoXdpI9jYfczPKn6pC4dzSiVjlpeEOy-fXtNl2uD7u0cGfIgnZuXBTBevfgXzQ7WgyH1BQY-hcqI4XlS6OgP9wVjCrcBr0M-flwGNMSsxMnOqaXoDVwxcOKOd8-QYcnxMrHF12lK9swB1qlWmoZWOZ_Lri7CRoNJEknUVBpcvqetOjgvAOoqSaDPLW3UExceJRw/media?maxWidthPx=800&key=AIzaSyBXWY6JwLGO0kMVKRf4-ypgEJILQ-L5Q-I,4.6,Gourmet small plates & an extensive wine menu offered in an industrial-chic wine bar.,-37.813394,144.9686092,0455 122 121,"122 Russell St, Melbourne VIC 3000, Australia",https://embla.com.au/,ChIJZ9bEx8lC1moR7ahmGWF-7Pk,Bar
Loop Roof,Monday: Closed | Tuesday: Closed | Wednesday: 4:00 – 11:00 PM | Thursday: 4:00 – 11:00 PM | Friday: 2:00 PM – 1:00 AM | Saturday: 12:00 PM – 1:00 AM | Sunday: 12:00 – 9:00 PM,PRICE_LEVEL_MODERATE,https://places.googleapis.com/v1/places%2FChIJG86Ln8hC1moRgRVvzbmC6iI%2Fphotos%2FAciIO2duJ2_Bh5v9wR6mmrudmkoTwGGhPhImNX1_nLj4krZfR-epVQhD64Y_BNJZGE_igYDDCYx2m6spNp35sIWvu9ZOdfmK-3HojoEyK6hvy0ooh1TtR3liujGqJiR5hqi0aWnrQi-RMXBiIDW6kKxrga9ucO22FzwLyKf0OIQ41FMonp-VFqg8nD8ny2nygOigOwwKJ5g3Na3CCaSbidOwxK21lH_vwvfZNHDYMoYNdkpp9Mop2oOVXpq1xCJ7zvZtNDU5kV5bdgwRESXYJJDwzqFt4zyHnGxJxDY7qTP3deFTlQ/media?maxWidthPx=800&key=AIzaSyBXWY6JwLGO0kMVKRf4-ypgEJILQ-L5Q-I,4.3,"Cutting-edge cafe/bar with panoramic views, serving eclectic, modern food and inventive cocktails.",-37.8121761,144.9721901,0481 785 190,"3/23 Meyers Pl, Melbourne VIC 3000, Australia",http://www.looprooftopbar.com.au/,ChIJG86Ln8hC1moRgRVvzbmC6iI,Bar
Cabinet Bar & Balcony,Monday: Closed | Tuesday: 4:00 PM – 1:00 AM | Wednesday: 4:00 PM – 1:00 AM | Thursday: 4:00 PM – 1:00 AM | Friday: 12:00 PM – 1:00 AM | Saturday: 2:00 PM – 1:00 AM | Sunday: 2:00 – 11:00 PM,PRICE_LEVEL_MODERATE,https://places.googleapis.com/v1/places%2FChIJVUJ9_LVC1moRSoZpoRqqq8Q%2Fphotos%2FAciIO2e5TEIfTukNExUsHdPZwas4qmsfjEfAcIRInreoFqZ8CPNDeLx-W_yj0gVcUG0RcE7Ly_JuasT5n8six4o7aXz47NAd87RiSvzm5LZNjlWEeBvPnc27HrAemCGtLZlZxkp9DzeFNaMpRj79H1Dyt9XynmR-VWFORTHHsaoe5CgWD11QnPg_yDV6xITpzgHQAR9Gr_QWdSXQdgJXbr4l82EnFk_ZJoK7xNd0FWYMH1VRUA7r2kCI-RcOJwG1hGx2HpfglLUd5sBx6ALY8B-T3yU0FYdAV3ZiUfIKSdavI9o8Ug/media?maxWidthPx=800&key=AIzaSyBXWY6JwLGO0kMVKRf4-ypgEJILQ-L5Q-I,4.5,"Casual Parisian-inspired bar with lounge and balcony areas, serving tapas, cocktails and flatbreads.",-37.8141442,144.9663607,(03) 9654 0915,"11 Rainbow Alley, Melbourne VIC 3000, Australia",http://www.cabinetbar.com.au/,ChIJVUJ9_LVC1moRSoZpoRqqq8Q,Bar
Nick and Nora's Melbourne,Monday: Closed | Tuesday: 5:00 PM – 1:00 AM | Wednesday: 5:00 PM – 1:00 AM | Thursday: 5:00 PM – 1:00 AM | Friday: 3:00 PM – 1:00 AM | Saturday: 3:00 PM – 1:00 AM | Sunday: 2:00 – 11:00 PM,PRICE_LEVEL_EXPENSIVE,https://places.googleapis.com/v1/places%2FChIJEabDGvdD1moRL6J0xNFIRiQ%2Fphotos%2FAciIO2dgglpL0L43ZELGzkWoFo2G8hOyiaM4So28iqBQtupu1VKYo8ykyJB_CnE8MmnkLhgPsBGRRdq8u1A9otJhXPQPEc-jaytSSASLLsiMdsMPFxHvGkfe2Y8ETwJQOYKFPa-zFbyxxc9m2QMVUWvjO6gsggcSd4VaRZP9iUnNhNKjaxkYEWSBiguWndQ_n9qDcbRmiHQgGI4_KytcQHnockkXCcf_VAEzDBO52FvHAM11sLZ2rR-EyAAT7c7P9fL30dSAF7SHpJ_C_Q26SLb-Fo76LcqC5u-OQydKRri6nYO33Q/media?maxWidthPx=800&key=AIzaSyBXWY6JwLGO0kMVKRf4-ypgEJILQ-L5Q-I,4.5,"Upmarket, old-world haunt featuring cocktails & champagne, plus a raw bar & elevated small plates.",-37.8134721,144.9704874,(03) 8393 9367,"80 Collins Street via, 11 Benson Wk, Melbourne VIC 3000, Australia",https://nickandnoras.com.au/melbourne/,ChIJEabDGvdD1moRL6J0xNFIRiQ,Bar
Spleen Bar,Monday: 4:00 PM – 5:00 AM | Tuesday: 4:00 PM – 5:00 AM | Wednesday: 4:00 PM – 5:00 AM | Thursday: 4:00 PM – 5:00 AM | Friday: 4:00 PM – 5:00 AM | Saturday: 4:00 PM – 5:00 AM | Sunday: Closed,PRICE_LEVEL_INEXPENSIVE,https://places.googleapis.com/v1/places%2FChIJC2LQoMhC1moRGUNvIjaHvys%2Fphotos%2FAciIO2c3RQv1v6iqwRzpa0EJlWQij3NxztJ_3KsdpTOU6fddWJXMPmFRRiFV6fJvWb6BjYYUbtL3aK0aqZf9VdwQK131OdF2eBWL8vo6dnp84VIgltCYZXCUJghI-nyF681laqSom3UdjKjyaidcLTSE3RbKvpLc0v3cvdMQpsEoGt2g0bffVn-P818XKEN4qTuZlBaenTeHLkE0fvWARZ1lygRU8GyhQJw--b9BAp5NT4KP6aV8iBcqolbD9g4iSJDw560E02-KJqGxRJL9kCDiIi39I4rQcc-bp1FbR8V4oz1p7UC8A4ei2OrXDatLoaoaGEEw4qKHztuDyu0H4RI4MUaXVB-krVUQwn1xH-rMCHWBrvqTdLpRreQ2ZzQ5nlIiAzocwNt60MrP9ere1n1aq9n0LS24J9D-kfRvghsnb4I/media?maxWidthPx=800&key=AIzaSyBXWY6JwLGO0kMVKRf4-ypgEJILQ-L5Q-I,4.3,Cocktails and regular stand-up comedy nights in a snug venue with vintage decor and a buzzing vibe.,-37.8118105,144.9719986,(03) 9650 2400,"41 Bourke St, Melbourne VIC 3000, Australia",http://www.spleenbarmelbourne.com.au/,ChIJC2LQoMhC1moRGUNvIjaHvys,Bar
Encore Bar & Lounge,Monday: 3:00 – 10:00 PM | Tuesday: 3:00 – 10:00 PM | Wednesday: 3:00 – 10:00 PM | Thursday: 3:00 – 10:00 PM | Friday: 3:00 – 10:00 PM | Saturday: 3:00 – 10:00 PM | Sunday: 3:00 – 10:00 PM,PRICE_LEVEL_INEXPENSIVE,https://places.googleapis.com/v1/places%2FChIJ53vEPslC1moR0ox6S2TyszU%2Fphotos%2FAciIO2emEtOuEjSsQyGIijvuxkGO-7rjmBmpR8FKs78IvGFw9B35qbAmKso7r9rLQrzKz5EGbiVnDNNn3AWsaCuYmjcFkKpooyHCiKQq4hWd2tKIo289k2Ue2xaDdBnG6PpU14hcrB-1_2VrK-4cV5c8WnOkH33-KMryQC4G0o7b4130MgPT9OYl0Jxt0UlbSeFKXXaxxH4r1JIqYoiNnFedQrTjyvtF2KT1c3xtXX_Y2T9G3W-9ZRa0l8pRfN0EbhmJC0FAE-dkMkTqjtpIhaKM9ajAkQFCNxGcPiR1TEYqlMY9Yg/media?maxWidthPx=800&key=AIzaSyBXWY6JwLGO0kMVKRf4-ypgEJILQ-L5Q-I,4.5,Hotel restaurant serving dishes made with seasonal Australian produce in a casual and smart space.,-37.810779,144.9685513,(03) 9656 4000,"131 Lonsdale St, Melbourne VIC 3000, Australia",https://www.grandchancellorhotels.com/hotel-grand-chancellor-melbourne/restaurants-bars/encore-restaurant-bar,ChIJ53vEPslC1moR0ox6S2TyszU,Nightclub
1806,Monday: Closed | Tuesday: 5:00 PM – 12:00 AM | Wednesday: 5:00 PM – 12:00 AM | Thursday: 5:00 PM – 12:00 AM | Friday: 4:00 PM – 1:00 AM | Saturday: 4:00 PM – 1:00 AM | Sunday: 4:00 PM – 12:00 AM,PRICE_LEVEL_EXPENSIVE,https://places.googleapis.com/v1/places%2FChIJ4d0q5shC1moRX_RSo4cs3Hs%2Fphotos%2FAciIO2dV4QjQscw8LyKR22DL89EXRirkp4bqhlzyU6jIVeZdxKPAIGe6QnzMa7cJxS2UZeefhfPtjSC8K4UBmOCBwTwOKMs5ouYp-gZwprx-SWuW_2zk9W5TSVzoNTVXnhNGdcdJnJ-fPgW71SIhdLv8BvwdRuTVznEghdVgXnuhbvFacXAnwvCctaMfxTrLPf6wfUof9e5NSEnvVArB2ZA9-o_75hBuHcYzLZ7sIQsET6rhxORNE832R0oWnSJHJtAAOmV7bjhfrUYC3-2X4cz4XeY6ZD5Ms70R1U0U2zAzPsdj6A/media?maxWidthPx=800&key=AIzaSyBXWY6JwLGO0kMVKRf4-ypgEJILQ-L5Q-I,4.6,"Swanky cocktail bar with a menu sorted by era, from 1650 to now, plus bar snacks and sharing plates.",-37.8116581,144.9700797,(03) 9999 1982,"169 Exhibition St, Melbourne VIC 3000, Australia",http://www.1806.com.au/,ChIJ4d0q5shC1moRX_RSo4cs3Hs,Bar
Hell's Kitchen,Monday: 4:00 – 10:00 PM | Tuesday: 4:00 – 10:00 PM | Wednesday: 4:00 – 11:00 PM | Thursday: 4:00 PM – 12:00 AM | Friday: 4:00 PM – 1:00 AM | Saturday: 4:00 PM – 1:00 AM | Sunday: 4:00 – 10:00 PM,PRICE_LEVEL_MODERATE,https://places.googleapis.com/v1/places%2FChIJQWunObRC1moRbXl0hYVNo5s%2Fphotos%2FAciIO2ey2us81JZoIkMW5_mt9UVaQBNJAFfA9pFHlc5QxUBrT4flYD2044e03ks1LL1U7yCojuZR3UAfKcb9ZL2MCTBx2Bze8rgkwjPE-e9JkxHOcWoD-Wt6gNePGkQOnUfrZHwgv-uN89o3GIfmX_LDTbj4o10yAP_5AuBePIBKGsplwDENJqggMJBI5WMKwGnv-PShKekhF48SRy20FnDCvA8ko81LI-GDcpoUecLYol3lszSLMcmn_dToyj3dvbKxWU8M-UzHgeecq8m_rLFAAaYD6OENiKY8Mmr_HtSDKnNm87GwB3gwUZNs3VxavvxCGvJfF1tITdPV1x6kSkSDj2RHFwOc7RfYL2y2g_E9n30_d4eR4i5tuOj4gHFZ9OQm9QpCSIwKBQjHHcjYyNhhTSHgDAATIVDxD83UA44RnddxOQ/media?maxWidthPx=800&key=AIzaSyBXWY6JwLGO0kMVKRf4-ypgEJILQ-L5Q-I,4.5,"Tucked-away, trendy and cosy upstairs bar for coffee and light fare by windows overlooking the lane.",-37.8165474,144.9655613,(03) 9654 5755,"20A Centre Pl, Melbourne VIC 3000, Australia",http://hellskitchenmelbourne.com/,ChIJQWunObRC1moRbXl0hYVNo5s,Bar
Bar Lourinhã,Monday: 12:00 – 9:00 PM | Tuesday: 12:00 – 11:00 PM | Wednesday: 12:00 – 11:00 PM | Thursday: 12:00 – 11:00 PM | Friday: 12:00 PM – 12:00 AM | Saturday: 12:00 PM – 12:00 AM | Sunday: 12:00 – 9:00 PM,PRICE_LEVEL_MODERATE,https://places.googleapis.com/v1/places%2FChIJ-dMSJsZC1moRBR6RQKxblbI%2Fphotos%2FAciIO2di7vUGZSQsahJQF7vvuVA8TcNkwawlIHciq_pnJl8GLS4br5xEy5vlcVjDSCQ04cbyP2fMRCoPipvdoxLj1zzKNTTKZjEClVogZ3sr1RsKjFgIYXhqPnOlquaSjhRnDc7SEkeLHw0_n5Zk4L498Vhyy2ug3UavTQEg6xt1ob3tDLyIB_fA7Ylo0c4qIYPBHOcSd9cfYeG7wfebHAg4u4RcFKgMqUaT4ZykyJ9uVnlesujl_6bYv5iU9RdyCveyHGjLIlGPC5dkY_yE0y5N1nSbskYMqY7Q6fITV2vW8h0VLw/media?maxWidthPx=800&key=AIzaSyBXWY6JwLGO0kMVKRf4-ypgEJILQ-L5Q-I,4.3,Intimate place for tapas and fine wine in a vibrant room with bar seating and red leather couches.,-37.812815,144.9725185,(03) 9663 7890,"37 Little Collins St, Melbourne VIC 3000, Australia",http://www.barlourinha.com.au/,ChIJ-dMSJsZC1moRBR6RQKxblbI,Bar
City Wine Shop,Monday: 12:00 – 11:00 PM | Tuesday: 12:00 – 11:00 PM | Wednesday: 12:00 – 11:00 PM | Thursday: 12:00 – 11:00 PM | Friday: 12:00 PM – 12:00 AM | Saturday: 12:00 PM – 12:00 AM | Sunday: 12:00 – 11:00 PM,PRICE_LEVEL_MODERATE,https://places.googleapis.com/v1/places%2FChIJnfRB_sVC1moRcfEI8EUEKsY%2Fphotos%2FAciIO2cJ9_GBwI34kRRuFWulfpLNSc6Ik-brDjigYDhqHml2oEhBA807-DYja9ApF88aodDUEAHCVvmbuGVyJAb1u6bn1c1ZyK9tuyAA7NUd8jEoRRZ4W3lB7HRvQFGPdTWCcAiH2xjxaBI_P9bZOnPk5KDKzU10qOEb27-Af_8FPj4yBsV6R5MlNoi7WbNA_x2GTYgrNP3b920UuEDMjPZafD7EdvLZBgLx5IvjUxHL6GnjX1ucoXeY72ifg0LbASKq4szF9_6b1O17yoL28AWjCnkS2IOiGCQkDKwhSbsa9uTNvQ/media?maxWidthPx=800&key=AIzaSyBXWY6JwLGO0kMVKRf4-ypgEJILQ-L5Q-I,4.4,"Wine store with a vast, global selection & chic cafe serving contemporary small plates & mains.",-37.8109802,144.9725379,(03) 9654 6657,"159 Spring St, Melbourne VIC 3000, Australia",http://www.citywineshop.net.au/,ChIJnfRB_sVC1moRcfEI8EUEKsY,Bar
Father's Office Speakeasy Bar and Restaurant,Monday: 12:00 – 10:00 PM | Tuesday: 12:00 – 10:00 PM | Wednesday: 12:00 – 10:00 PM | Thursday: 12:00 – 10:00 PM | Friday: 12:00 PM – 3:00 AM | Saturday: 12:00 PM – 3:00 AM | Sunday: 12:00 – 10:00 PM,PRICE_LEVEL_MODERATE,https://places.googleapis.com/v1/places%2FChIJYbzwsctC1moRJrcp68Zxcyg%2Fphotos%2FAciIO2fXulRBen0H3MLGt184yOG7qzU-bNH0wtCUqCnXXyjYlvhFoEI87LSk0VKA05QmROSsQmSIRw3x4RoC9REUJTRC-z1_hzc5JucmPZlx0KqPBi8YySMpffoEjj1KgTDIp_MKfqvvXR-MnhjkYiQ9R21rTYgphBt72IMqhSgq0TeMdYkD68gTVu1dCGEOGcOnWbTZhEOCXciSSOuyc_uhI4k8wSvxiryoLpE48QLAPjYzQTCmVixJMLq8HzeS7pVLlGWeyB7OnPm8szmemKmM8uudPCzkCzFDKBcl57bHoOmGNw/media?maxWidthPx=800&key=AIzaSyBXWY6JwLGO0kMVKRf4-ypgEJILQ-L5Q-I,4.0,"Range of classic American mains, platters, drinks and punchbowl cocktails in eclectic 1920s setting.",-37.8105309,144.9647087,(03) 9825 8999,"249 Little Lonsdale St, Melbourne VIC 3000, Australia",http://fathersoffice.com.au/,ChIJYbzwsctC1moRJrcp68Zxcyg,Bar
The Atrium on 35,Monday: 3:00 – 10:00 PM | Tuesday: 3:00 – 10:00 PM | Wednesday: 3:00 – 10:00 PM | Thursday: 3:00 – 10:00 PM | Friday: 3:00 – 11:00 PM | Saturday: 11:00 AM – 11:00 PM | Sunday: 11:00 AM – 10:00 PM,,https://places.googleapis.com/v1/places%2FChIJEVrl0cdC1moROVlaLt1Tt0c%2Fphotos%2FAciIO2c5pg8lUu9BRc9AIhuOc55IeMzBksGN-eLD64MHa3yPYd73iJXWLdlDlmNP55Dt11gMUzNqMrHt8HzwqUyoL6y6O65f9cHeXVg6q7-VKHjoh3aNOiCt1nciXwseY1urCYhe7uMUoP1fKv4dfT_QNsFXUJ4H6uwA9jGA4D2qvx9vAsuV8fKWiLuQybQGfaAQRJxsmpWpEUhHUGLNDf9D_qTizxwgIg3X1OusoDVf_rAt8-Ex3iE8nAtEQiEbiHVOaY5-Y9nTefbzkSsZrEe2Pv71knSnXQtPrqO7GEJ9IxnejGvILZzAbfG4oIPoaJQtbSmVEk6xs3rwKph_GqIM-LSmRwxbpmKL6ZGSjDxCBnV2eeUECsAxWE3x9DkfgimFvGC_UvtMMTlCh5BwhyStPTrzQ-vGok72we4rbWAzPsaqGrhQeLcGTkxU1rUcO4fD/media?maxWidthPx=800&key=AIzaSyBXWY6JwLGO0kMVKRf4-ypgEJILQ-L5Q-I,4.5,"Champagne, craft beers and cocktails in a chic, soaring space with city views and modern decor.",-37.814014,144.9729181,(03) 9653 7744,"25 Collins St, Melbourne VIC 3000, Australia",http://www.sofitel-melbourne.com.au/restaurant/atrium-bar-no35/,ChIJEVrl0cdC1moROVlaLt1Tt0c,Bar
Workshop Bar,Monday: 4:00 PM – 12:00 AM | Tuesday: 4:00 PM – 12:00 AM | Wednesday: 4:00 PM – 1:00 AM | Thursday: 4:00 PM – 1:00 AM | Friday: 4:00 PM – 2:00 AM | Saturday: 4:00 PM – 2:00 AM | Sunday: 4:00 – 11:00 PM,PRICE_LEVEL_MODERATE,https://places.googleapis.com/v1/places%2FChIJo8BJ0TRd1moR1wIOKOsrCWU%2Fphotos%2FAciIO2ceQy5yqKrbpEbZjrJTnA3GYAd_RzMYySiYAxd4RQjG16c4huwwSNUpRfvsXfdG6KHtuxp0Z3qFGp3ujBF0cRWDqntL0nTC1pZcyaNgdmVYz3Y06pl1hdGbfXr64_VK96NmpVyd3ahqq8_R1LOLlKpKXi3K5XNvWMAVq5Yl2hWuR0v6HGCeRWyY6aP1EWIFqPpPNcz59VWvWxWkQyAfJUzqVPC0xnhC_914VjOEDyUkFfZs1bajM8Wc6CYyEurZ6hK6Gk86fJN4CCu_VdSJqYcqnxNzNbhn-XykHomG7T_54Q/media?maxWidthPx=800&key=AIzaSyBXWY6JwLGO0kMVKRf4-ypgEJILQ-L5Q-I,4.4,"Live music and DJs in a bohemian space popular for art launches, serving craft beer and basic meals.",-37.8092217,144.9604575,(03) 9326 4365,"1/413 Elizabeth St, Melbourne VIC 3000, Australia",https://www.workshopbar.com.au/,ChIJo8BJ0TRd1moR1wIOKOsrCWU,Bar
Loch & Key,Monday: 8:00 PM – 5:00 AM | Tuesday: 8:00 PM – 5:00 AM | Wednesday: 8:00 PM – 5:00 AM | Thursday: 8:00 PM – 5:00 AM | Friday: 5:00 PM – 7:00 AM | Saturday: 5:00 PM – 7:00 AM | Sunday: 8:00 PM – 5:00 AM,PRICE_LEVEL_MODERATE,https://places.googleapis.com/v1/places%2FChIJMczKWctC1moRkCg2PknsYfQ%2Fphotos%2FAciIO2dl2VCm5G7tts7FGFiQEbh0lLZSRG56wajQKdBwv8rEVdkI-G9sV5SVP2D4lKtxfVlJUPvdginotD_Xn2l0ijQWwnuYoEVLNfgA5UBA7MoaknYtUyLdvoAr61KNDBJMojrlnT6ryWsKGE3rx2WE-cvxqycXlrAfLuljuOV8Y62h3Axwy8naAWjXas2UFN6Peve3vaOIjy2PNTonmVWpHxDJkdznnu_l9tVrmFIhrAv7WpI7Ob3IuWAliakqlRyG5enno2_5_wcktDEXPpD5jfB8VbpVO2NQyZes-C8TN-m8-A/media?maxWidthPx=800&key=AIzaSyBXWY6JwLGO0kMVKRf4-ypgEJILQ-L5Q-I,4.3,"Stylish bar serving cocktails & craft beers in a cosy, dimly lit venue with rooms & a balcony.",-37.807527,144.96174159999998,,"34 Franklin St, Melbourne VIC 3000, Australia",http://www.lochandkey.com.au/,ChIJMczKWctC1moRkCg2PknsYfQ,Bar
Cherry,Monday: 7:00 PM – 3:00 AM | Tuesday: 7:00 PM – 3:00 AM | Wednesday: 7:00 PM – 3:00 AM | Thursday: 7:00 PM – 3:00 AM | Friday: 6:00 PM – 5:00 AM | Saturday: 6:00 PM – 5:00 AM | Sunday: 7:00 PM – 3:00 AM,PRICE_LEVEL_INEXPENSIVE,https://places.googleapis.com/v1/places%2FChIJk09g4LdC1moRFzfxUe2lPQM%2Fphotos%2FAciIO2cRyMcR87zRIQ6shsagq6EhgfCsJqLULWCPq50UFAgUDzNnreic4tXJNo9AnOkLHulf8tuMxuF7Hmk6tWzPIHPXmTHxuHv4qpgGFCKjYpynvo44MJ72tNbA50gNq0RXiwwgIos46609YnSaiNdKLENJ-H-1bcJoUOgURvhBs9PqBObEpu20XYTnMNw60fba-RZIAmEG5UHdZGFJj1KyMA4WehLEAacMiR_SOqOeUGtVbn_DK6eTohDXEhaQR9P5rym2y4AGNrX_oWHf-0APWM-t9eFHkk7h4KxvuQY1_xNMcPsbtqB0J91im-6qOc-EaxJsXLiWkhYpQJUqLTid-bMnScIQI1t5vfATmK5sjwVdUmD4EJGEOGulh71ebIwLAGlGelHAL7lroQDP00aw880gB2tM2yge758MZZPQ5X1jlQ/media?maxWidthPx=800&key=AIzaSyBXWY6JwLGO0kMVKRf4-ypgEJILQ-L5Q-I,4.3,"Iconic, raucous bar featuring a lineup of local & international rock 'n' roll acts.",-37.8128542,144.97133789999998,(03) 9071 2434,"68 Little Collins St, Melbourne VIC 3000, Australia",http://cherrybar.com.au/,ChIJk09g4LdC1moRFzfxUe2lPQM,Bar
Diesel Bar & Eatery,Monday: 5:00 PM – 1:00 AM | Tuesday: 5:00 PM – 12:00 AM | Wednesday: 5:00 – 10:00 PM | Thursday: 5:00 PM – 1:00 AM | Friday: 5:00 PM – 1:00 AM | Saturday: 5:00 PM – 1:00 AM | Sunday: 5:00 PM – 12:00 AM,PRICE_LEVEL_MODERATE,https://places.googleapis.com/v1/places%2FChIJBUmw-8pC1moRJFCU2Dy1vnQ%2Fphotos%2FAciIO2c5WEHTcwwgKuP0eqJv2HlX6xwU5EGrLsLvRunIlCW-PajXr31ypEbarfIxUc2GGzwaDt34zYw45OwZH0RQUF0_gDrHmq-2NvMAKhCO-ElA6ARkqJ2n2UL_wR_wIjX7EoyUwWcY2-_XITajJTPBpSwE9f4iRfS7LuvwiAEE2sHDqEqImydD7tzFgYa2FxxgIeboNp6kKctK4huIvsl4sSc4t0cNiCo2G-1LSA3rvr-kkyT9vHCRfM7LCN5ZYJUqDOY-4sumHpgmnBMk9WAQjh5cZCXi38_zmXlRcLhoAc17WQ/media?maxWidthPx=800&key=AIzaSyBXWY6JwLGO0kMVKRf4-ypgEJILQ-L5Q-I,4.4,Colombian street food & unique cocktails in a vintage building with an industrial-chic feel.,-37.8107972,144.9632389,(03) 9663 8078,"202 Little Lonsdale St, Melbourne VIC 3000, Australia",http://www.dieselbar.melbourne/,ChIJBUmw-8pC1moRJFCU2Dy1vnQ,Bar
